run_id,run_date,params_hash
20260212_122854,2026-02-12T12:29:17.533437,99a00b23d2f6247aea26dced82a622bd
20260212_125237,2026-02-12T12:52:49.609338,99a00b23d2f6247aea26dced82a622bd
20260212_125811,2026-02-12T12:58:35.802417,99a00b23d2f6247aea26dced82a622bd
20260212_130334,2026-02-12T13:03:53.522902,99a00b23d2f6247aea26dced82a622bd
20260212_131235,2026-02-12T13:12:50.807813,99a00b23d2f6247aea26dced82a622bd
20260212_133711,2026-02-12T13:37:31.335539,99a00b23d2f6247aea26dced82a622bd
20260212_134246,2026-02-12T13:42:59.650493,99a00b23d2f6247aea26dced82a622bd
20260212_135748,2026-02-12T13:58:04.915462,99a00b23d2f6247aea26dced82a622bd
20260212_153502,2026-02-12T15:35:24.778655,99a00b23d2f6247aea26dced82a622bd
20260212_155346,2026-02-12T15:54:00.689370,99a00b23d2f6247aea26dced82a622bd
20260213_132457,2026-02-13T13:25:41.235718,696cf15321caee430235f9fa924d40d9
20260213_134721,2026-02-13T13:47:50.263183,696cf15321caee430235f9fa924d40d9
20260213_134918,2026-02-13T13:49:52.256542,696cf15321caee430235f9fa924d40d9
20260213_140600,2026-02-13T14:06:22.761388,e0dc47455b11024e08d785cd6aeaf3a4
20260213_142616,2026-02-13T14:27:54.982339,616c4eafe7e2acba369d089f41da4afa
20260213_153135,2026-02-13T15:36:00.459080,ca21f370f2517e8e5d2c2f2c540b0407
20260213_170514,2026-02-13T17:05:18.165671,a1920b543a331348667e5d7dfd644e20
